{
  "aggregate_counters": {
    "acceptance_rate": 0.666667,
    "accepted": 100,
    "proposed": 150,
    "rejected": 50
  },
  "can_update_proof_status": false,
  "claim_boundary": "termux_draft_latency_verifier_only_no_generation_proof",
  "errors": [],
  "evidence": {
    "aggregate_counters": {
      "acceptance_rate": 0.666667,
      "accepted": 100,
      "proposed": 150,
      "rejected": 50
    },
    "can_update_proof_status": false,
    "claim_boundary": "termux_draft_latency_static_contract_only_no_generation_proof",
    "generation_proven": false,
    "inference_proven": false,
    "iterations": 50,
    "latency_ms": {
      "max": 0.00651,
      "mean": 0.001521,
      "median": 0.001343,
      "min": 0.001302,
      "p95": 0.001669,
      "samples": [
        0.001668,
        0.001669,
        0.001627,
        0.001668,
        0.001669,
        0.001587,
        0.001546,
        0.001506,
        0.001546,
        0.001383,
        0.001342,
        0.001302,
        0.001831,
        0.001384,
        0.001425,
        0.001343,
        0.001343,
        0.001343,
        0.001302,
        0.001302,
        0.001384,
        0.001343,
        0.001343,
        0.001343,
        0.001384,
        0.001587,
        0.001343,
        0.001383,
        0.001343,
        0.001343,
        0.001343,
        0.001302,
        0.001546,
        0.00651,
        0.001465,
        0.001383,
        0.001302,
        0.001343,
        0.001302,
        0.001383,
        0.001343,
        0.001302,
        0.001303,
        0.001343,
        0.001628,
        0.001343,
        0.001383,
        0.001302,
        0.001302,
        0.001342
      ]
    },
    "measurement_kind": "termux_static_draft_contract_loop",
    "ok": true,
    "operator_next_steps": [
      "compare repeated phone latency against a real verifier-only baseline before claiming speedup",
      "replace the static provider with a real tiny draft model only after this contract remains stable",
      "do not count this phone as a transformer-block worker without a separate block-serving proof"
    ],
    "per_iteration_expected_counters": {
      "acceptance_rate": 0.666667,
      "accepted": 2,
      "proposed": 3,
      "rejected": 1
    },
    "phone_runtime": {
      "android_manufacturer": "Google",
      "android_model": "Pixel 8 Pro",
      "android_sdk": "36",
      "is_mobile": true,
      "is_termux": true,
      "kind": "android",
      "machine": "aarch64",
      "prefix": "/data/data/com.termux/files/usr",
      "python": "3.13.13",
      "runtime": "termux",
      "soc": "Tensor G3"
    },
    "provider": {
      "can_serve_transformer_blocks": false,
      "phone_compatible_interface": true,
      "provider_id": "termux-static-draft-provider",
      "provider_kind": "termux_static_fake"
    },
    "source": "termux_draft_latency.sh",
    "speedup_proven": false,
    "warmup_iterations": 5
  },
  "generation_proven": false,
  "inference_proven": false,
  "iterations": 50,
  "latency_ms": {
    "max": 0.00651,
    "mean": 0.001521,
    "median": 0.001343,
    "min": 0.001302,
    "p95": 0.001669,
    "samples": [
      0.001668,
      0.001669,
      0.001627,
      0.001668,
      0.001669,
      0.001587,
      0.001546,
      0.001506,
      0.001546,
      0.001383,
      0.001342,
      0.001302,
      0.001831,
      0.001384,
      0.001425,
      0.001343,
      0.001343,
      0.001343,
      0.001302,
      0.001302,
      0.001384,
      0.001343,
      0.001343,
      0.001343,
      0.001384,
      0.001587,
      0.001343,
      0.001383,
      0.001343,
      0.001343,
      0.001343,
      0.001302,
      0.001546,
      0.00651,
      0.001465,
      0.001383,
      0.001302,
      0.001343,
      0.001302,
      0.001383,
      0.001343,
      0.001302,
      0.001303,
      0.001343,
      0.001628,
      0.001343,
      0.001383,
      0.001302,
      0.001302,
      0.001342
    ]
  },
  "next_step": "replace static draft loop with a real tiny-model draft provider or compare against verifier-only baseline",
  "ok": true,
  "phone_latency_smoke_proven": true,
  "source": "termux_draft_latency.py",
  "speedup_proven": false,
  "termux_detected": true,
  "verification_status": "passed"
}
